<ImportExportXml version="9.2.21061.138" SolutionPackageVersion="9.2" languagecode="1033" generatedBy="CrmLive" xmlns:xsi="http://www.w3.org/2001/XMLSchema-instance">
  <SolutionManifest>
    <UniqueName>O365AuditAnalytics</UniqueName>
    <LocalizedNames>
      <LocalizedName description="App Sharing Approval Audit Log Webhook" languagecode="1033" />
    </LocalizedNames>
    <Descriptions>
      <Description description="Sample solution. For learning use. Do not use for production." languagecode="1033" />
    </Descriptions>
    <Version>1.1.0.4</Version>
    <Managed>0</Managed>
    <Publisher>
      <UniqueName>thefoosh</UniqueName>
      <LocalizedNames>
        <LocalizedName description="theFoosh" languagecode="1033" />
      </LocalizedNames>
      <Descriptions />
      <EMailAddress xsi:nil="true"></EMailAddress>
      <SupportingWebsiteUrl xsi:nil="true"></SupportingWebsiteUrl>
      <CustomizationPrefix>fs</CustomizationPrefix>
      <CustomizationOptionValuePrefix>80000</CustomizationOptionValuePrefix>
      <Addresses>
        <Address>
          <AddressNumber>1</AddressNumber>
          <AddressTypeCode>1</AddressTypeCode>
          <City xsi:nil="true"></City>
          <County xsi:nil="true"></County>
          <Country xsi:nil="true"></Country>
          <Fax xsi:nil="true"></Fax>
          <FreightTermsCode xsi:nil="true"></FreightTermsCode>
          <ImportSequenceNumber xsi:nil="true"></ImportSequenceNumber>
          <Latitude xsi:nil="true"></Latitude>
          <Line1 xsi:nil="true"></Line1>
          <Line2 xsi:nil="true"></Line2>
          <Line3 xsi:nil="true"></Line3>
          <Longitude xsi:nil="true"></Longitude>
          <Name xsi:nil="true"></Name>
          <PostalCode xsi:nil="true"></PostalCode>
          <PostOfficeBox xsi:nil="true"></PostOfficeBox>
          <PrimaryContactName xsi:nil="true"></PrimaryContactName>
          <ShippingMethodCode>1</ShippingMethodCode>
          <StateOrProvince xsi:nil="true"></StateOrProvince>
          <Telephone1 xsi:nil="true"></Telephone1>
          <Telephone2 xsi:nil="true"></Telephone2>
          <Telephone3 xsi:nil="true"></Telephone3>
          <TimeZoneRuleVersionNumber xsi:nil="true"></TimeZoneRuleVersionNumber>
          <UPSZone xsi:nil="true"></UPSZone>
          <UTCOffset xsi:nil="true"></UTCOffset>
          <UTCConversionTimeZoneCode xsi:nil="true"></UTCConversionTimeZoneCode>
        </Address>
        <Address>
          <AddressNumber>2</AddressNumber>
          <AddressTypeCode>1</AddressTypeCode>
          <City xsi:nil="true"></City>
          <County xsi:nil="true"></County>
          <Country xsi:nil="true"></Country>
          <Fax xsi:nil="true"></Fax>
          <FreightTermsCode xsi:nil="true"></FreightTermsCode>
          <ImportSequenceNumber xsi:nil="true"></ImportSequenceNumber>
          <Latitude xsi:nil="true"></Latitude>
          <Line1 xsi:nil="true"></Line1>
          <Line2 xsi:nil="true"></Line2>
          <Line3 xsi:nil="true"></Line3>
          <Longitude xsi:nil="true"></Longitude>
          <Name xsi:nil="true"></Name>
          <PostalCode xsi:nil="true"></PostalCode>
          <PostOfficeBox xsi:nil="true"></PostOfficeBox>
          <PrimaryContactName xsi:nil="true"></PrimaryContactName>
          <ShippingMethodCode>1</ShippingMethodCode>
          <StateOrProvince xsi:nil="true"></StateOrProvince>
          <Telephone1 xsi:nil="true"></Telephone1>
          <Telephone2 xsi:nil="true"></Telephone2>
          <Telephone3 xsi:nil="true"></Telephone3>
          <TimeZoneRuleVersionNumber xsi:nil="true"></TimeZoneRuleVersionNumber>
          <UPSZone xsi:nil="true"></UPSZone>
          <UTCOffset xsi:nil="true"></UTCOffset>
          <UTCConversionTimeZoneCode xsi:nil="true"></UTCConversionTimeZoneCode>
        </Address>
      </Addresses>
    </Publisher>
    <RootComponents>
      <RootComponent type="1" schemaName="fs_demoappregister" behavior="0" />
      <RootComponent type="29" id="{04d936c5-0768-ea11-a812-000d3a7950ab}" behavior="0" />
      <RootComponent type="29" id="{1875f720-0968-ea11-a812-000d3a7950ab}" behavior="0" />
      <RootComponent type="29" id="{8bdd905a-acc9-ea11-a812-000d3a80c3f7}" behavior="0" />
      <RootComponent type="29" id="{a1cbbf9c-ef88-ea11-a811-000d3a7950ab}" behavior="0" />
    </RootComponents>
    <MissingDependencies>
      <MissingDependency>
        <Required type="connectionreference" displayName="admin_CDSCoETeamsIntegration" solution="CenterofExcellenceCoreComponents (2.0.10)" id.connectionreferencelogicalname="admin_CDSCoETeamsIntegration" />
        <Dependent type="29" displayName="Audit Receiver" id="{8bdd905a-acc9-ea11-a812-000d3a80c3f7}" />
      </MissingDependency>
      <MissingDependency>
        <Required type="connectionreference" displayName="admin_Office365OutlookCoEConnection" solution="CenterofExcellenceCoreComponents (2.0.10)" id.connectionreferencelogicalname="admin_Office365OutlookCoEConnection" />
        <Dependent type="29" displayName="Audit Receiver" id="{8bdd905a-acc9-ea11-a812-000d3a80c3f7}" />
      </MissingDependency>
      <MissingDependency>
        <Required type="connectionreference" displayName="admin_PowerAppsforAdminsCoEConnection" solution="CenterofExcellenceCoreComponents (2.0.10)" id.connectionreferencelogicalname="admin_PowerAppsforAdminsCoEConnection" />
        <Dependent type="29" displayName="Audit Receiver" id="{8bdd905a-acc9-ea11-a812-000d3a80c3f7}" />
      </MissingDependency>
      <MissingDependency>
        <Required type="connectionreference" displayName="new_sharedapprovals_e0f7f" solution="Active" id.connectionreferencelogicalname="new_sharedapprovals_e0f7f" />
        <Dependent type="29" displayName="Audit Receiver" id="{8bdd905a-acc9-ea11-a812-000d3a80c3f7}" />
      </MissingDependency>
    </MissingDependencies>
  </SolutionManifest>
</ImportExportXml>