{"properties":{"connectionReferences":{},"definition":{"$schema":"https://schema.management.azure.com/providers/Microsoft.Logic/schemas/2016-06-01/workflowdefinition.json#","contentVersion":"1.0.0.0","parameters":{"$authentication":{"defaultValue":{},"type":"SecureObject"}},"triggers":{"manual":{"type":"Request","kind":"Button","inputs":{"schema":{"type":"object","properties":{},"required":[]}}}},"actions":{"List_subscription":{"runAfter":{"Init":["Succeeded"]},"type":"Http","inputs":{"method":"GET","uri":"@{actions('Init')['trackedProperties']['EndPoint']}/@{actions('Init')['trackedProperties']['TenantID']}/activity/feed/subscriptions/list?PublisherIdentifier=@{actions('Init')['trackedProperties']['Publisher']}","headers":{"Content-Type":"application/json"},"authentication":{"type":"ActiveDirectoryOAuth","authority":"https://login.microsoftonline.com","tenant":"@{actions('Init')['trackedProperties']['TenantID']}","audience":"https://manage.office.com","clientId":"@{actions('Init')['trackedProperties']['Publisher']}","secret":"@{actions('Init')['trackedProperties']['ClientSecret']}"}}},"Init":{"runAfter":{},"trackedProperties":{"Publisher":"5193aa03-167f-4136-8e12-dfc6da080aea","TenantID":"6e3d858c-c14d-403d-a559-9721783d9a54","EndPoint":"https://manage.office.com/api/v1.0/","Path":"/activity/feed/subscriptions/start?contentType=Audit.General&PublisherIdentifier=","Receiver":"https://prod-21.australiasoutheast.logic.azure.com:443/workflows/48a60782ff5c461881639579db0615cb/triggers/manual/paths/invoke?api-version=2016-06-01&sp=%2Ftriggers%2Fmanual%2Frun&sv=1.0&sig=KHapJFWrHgXgNhqU3XUixnfUWO6bRHkM4NUjY8IJhlI","ClientSecret":"By3b9_8rzjSJ0L~O0K._a3M8IS7NZhY3xK"},"type":"Compose","inputs":"init"},"Unsubscribe":{"runAfter":{"List_subscription":["Succeeded"]},"type":"Http","inputs":{"method":"POST","uri":"@{actions('Init')['trackedProperties']['EndPoint']}/@{actions('Init')['trackedProperties']['TenantID']}/activity/feed/subscriptions/stop?PublisherIdentifier=@{actions('Init')['trackedProperties']['Publisher']}&contentType=Audit.General","headers":{"Content-Type":"application/json"},"authentication":{"type":"ActiveDirectoryOAuth","authority":"https://login.microsoftonline.com","tenant":"@{actions('Init')['trackedProperties']['TenantID']}","audience":"https://manage.office.com","clientId":"@{actions('Init')['trackedProperties']['Publisher']}","secret":"@{actions('Init')['trackedProperties']['ClientSecret']}"}}},"List_subscription_after_unsubscribe":{"runAfter":{"Unsubscribe":["Succeeded"]},"type":"Http","inputs":{"method":"GET","uri":"@{actions('Init')['trackedProperties']['EndPoint']}/@{actions('Init')['trackedProperties']['TenantID']}/activity/feed/subscriptions/list?PublisherIdentifier=@{actions('Init')['trackedProperties']['Publisher']}","headers":{"Content-Type":"application/json"},"authentication":{"type":"ActiveDirectoryOAuth","authority":"https://login.microsoftonline.com","tenant":"@{actions('Init')['trackedProperties']['TenantID']}","audience":"https://manage.office.com","clientId":"@{actions('Init')['trackedProperties']['Publisher']}","secret":"@{actions('Init')['trackedProperties']['ClientSecret']}"}}}},"outputs":{}}},"schemaVersion":"1.0.0.0"}