{"properties":{"connectionReferences":{"shared_powerappsforadmins":{"runtimeSource":"embedded","connection":{"connectionReferenceLogicalName":"admin_PowerAppsforAdminsCoEConnection"},"api":{"name":"shared_powerappsforadmins"}},"shared_office365":{"runtimeSource":"embedded","connection":{"connectionReferenceLogicalName":"admin_Office365OutlookCoEConnection"},"api":{"name":"shared_office365"}},"shared_approvals":{"runtimeSource":"embedded","connection":{"connectionReferenceLogicalName":"new_sharedapprovals_e0f7f"},"api":{"name":"shared_approvals"}},"shared_commondataserviceforapps":{"runtimeSource":"embedded","connection":{"connectionReferenceLogicalName":"admin_CDSCoETeamsIntegration"},"api":{"name":"shared_commondataserviceforapps"}}},"definition":{"$schema":"https://schema.management.azure.com/providers/Microsoft.Logic/schemas/2016-06-01/workflowdefinition.json#","contentVersion":"1.0.0.0","parameters":{"$connections":{"defaultValue":{},"type":"Object"},"$authentication":{"defaultValue":{},"type":"SecureObject"}},"staticResults":{"Get_Content_URI0":{"status":"Succeeded","outputs":{"statusCode":"OK","headers":{}}}},"triggers":{"manual":{"type":"Request","kind":"Http","inputs":{"schema":{}}}},"actions":{"Condition":{"actions":{"Apply_to_each":{"foreach":"@body('Parse_JSON')","actions":{"Get_Content_URI":{"runAfter":{},"type":"Http","inputs":{"method":"GET","uri":"@items('Apply_to_each')['contentUri']","headers":{"Content-Type":"application/json"},"authentication":{"type":"ActiveDirectoryOAuth","authority":"https://login.microsoftonline.com","tenant":"@{outputs('App_Permission')}","audience":"https://manage.office.com","clientId":"@{actions('App_Permission')['trackedProperties']['ClientId']}","secret":"@{actions('App_Permission')['trackedProperties']['ClientSecret']}"}},"runtimeConfiguration":{"staticResult":{"staticResultOptions":"Disabled","name":"Get_Content_URI0"}}},"Parse_Workload":{"runAfter":{"Get_Content_URI":["Succeeded"]},"type":"ParseJson","inputs":{"content":"@body('Get_Content_URI')","schema":{"type":"array","items":{"type":"object","properties":{"Workload":{"type":"string"}},"required":["Workload"]}}}},"Filter_array":{"runAfter":{"Parse_Workload":["Succeeded"]},"type":"Query","inputs":{"from":"@body('Parse_Workload')","where":"@equals(item()?['Operation'], 'PowerAppPermissionEdited')"}},"Each_App_Edited_Permission":{"foreach":"@body('Filter_array')","actions":{"Is_App_Registered":{"actions":{},"runAfter":{"List_rows":["Succeeded"]},"else":{"actions":{"Manager_Approval":{"actions":{"Parse_Additional_Info":{"runAfter":{},"type":"ParseJson","inputs":{"content":"@item()['AdditionalInfo']","schema":{"type":"object","properties":{"targetObjectId":{"type":"string"},"permissionType":{"type":"string"},"environmentName":{"type":"string"}}}}},"Get_App_Role_Assignments_as_Admin":{"runAfter":{"Parse_Additional_Info":["Succeeded"]},"type":"OpenApiConnection","inputs":{"host":{"connectionName":"shared_powerappsforadmins","operationId":"Get-AdminAppRoleAssignment","apiId":"/providers/Microsoft.PowerApps/apis/shared_powerappsforadmins"},"parameters":{"environment":"@body('Parse_Additional_Info')?['environmentName']","app":"@outputs('App_Id')","api-version":"2016-11-01","$top":250},"authentication":"@parameters('$authentication')"}},"Get_App_as_Admin":{"runAfter":{"Parse_Additional_Info":["Succeeded"]},"type":"OpenApiConnection","inputs":{"host":{"connectionName":"shared_powerappsforadmins","operationId":"Get-AdminApp","apiId":"/providers/Microsoft.PowerApps/apis/shared_powerappsforadmins"},"parameters":{"environment":"@body('Parse_Additional_Info')?['environmentName']","app":"@outputs('App_Id')","api-version":"2016-11-01"},"authentication":"@parameters('$authentication')"}},"Get_all_Non-Owners":{"runAfter":{"Get_App_Role_Assignments_as_Admin":["Succeeded"]},"type":"Query","inputs":{"from":"@outputs('Get_App_Role_Assignments_as_Admin')?['body/value']","where":"@not(equals(item()?['properties/roleName'], 'Owner'))"}},"Edit_App_Role_Assignment_as_Admin":{"runAfter":{"Get_App_as_Admin":["Succeeded"],"Get_all_Non-Owners":["Succeeded"]},"type":"OpenApiConnection","inputs":{"host":{"connectionName":"shared_powerappsforadmins","operationId":"Edit-AdminAppRoleAssignment","apiId":"/providers/Microsoft.PowerApps/apis/shared_powerappsforadmins"},"parameters":{"environment":"@body('Parse_Additional_Info')?['environmentName']","app":"@outputs('App_Id')","api-version":"2016-11-01","body/delete":"@body('Get_all_Non-Owners')"},"authentication":"@parameters('$authentication')"}},"Send_an_email_(V2)":{"runAfter":{"Edit_App_Role_Assignment_as_Admin":["Succeeded"]},"type":"OpenApiConnection","inputs":{"host":{"connectionName":"shared_office365","operationId":"SendEmailV2","apiId":"/providers/Microsoft.PowerApps/apis/shared_office365"},"parameters":{"emailMessage/To":"@item()['UserId']","emailMessage/Subject":"Your app have been un-shared.","emailMessage/Body":"<p>You are trying to share an app that is not registered. An approval have been sent to the App Manager. Once approved, you may share the app again.&nbsp;</p>"},"authentication":"@parameters('$authentication')"}},"Start_and_wait_for_an_approval":{"runAfter":{"Send_an_email_(V2)":["Succeeded"]},"type":"OpenApiConnectionWebhook","inputs":{"host":{"connectionName":"shared_approvals","operationId":"StartAndWaitForAnApproval","apiId":"/providers/Microsoft.PowerApps/apis/shared_approvals"},"parameters":{"approvalType":"Basic","WebhookApprovalCreationInput/title":"App shared by @{outputs('Get_App_as_Admin')?['body/properties/owner/email']}  - @{outputs('Get_App_as_Admin')?['body/properties/displayName']}","WebhookApprovalCreationInput/assignedTo":"admin@thefoosh.com;","WebhookApprovalCreationInput/details":"Description: @{coalesce(outputs('Get_App_as_Admin')?['body/properties/description'], 'Not provided')}\n","WebhookApprovalCreationInput/enableNotifications":true,"WebhookApprovalCreationInput/enableReassignment":true},"authentication":"@parameters('$authentication')"}},"Is_Approved":{"actions":{"Add_to_Register":{"runAfter":{},"type":"OpenApiConnection","inputs":{"host":{"connectionName":"shared_commondataserviceforapps","operationId":"CreateRecord","apiId":"/providers/Microsoft.PowerApps/apis/shared_commondataserviceforapps"},"parameters":{"entityName":"fs_demoappregisters","item/fs_name":"@outputs('Get_App_as_Admin')?['body/properties/displayName']","item/fs_demoappregisterid":"@outputs('App_Id')"},"authentication":"@parameters('$authentication')"}},"Notify_Owner_Approved":{"runAfter":{"Add_to_Register":["Succeeded"]},"type":"OpenApiConnection","inputs":{"host":{"connectionName":"shared_office365","operationId":"SendEmailV2","apiId":"/providers/Microsoft.PowerApps/apis/shared_office365"},"parameters":{"emailMessage/To":"@outputs('Get_App_as_Admin')?['body/properties/owner/email']","emailMessage/Subject":"Your app '@{outputs('Get_App_as_Admin')?['body/properties/displayName']}' has been approved.","emailMessage/Body":"<p>Congratulations! Your app has been approved. You may proceed and share the app now.</p>"},"authentication":"@parameters('$authentication')"}}},"runAfter":{"Start_and_wait_for_an_approval":["Succeeded"]},"expression":{"equals":["@outputs('Start_and_wait_for_an_approval')?['body/outcome']","Approve"]},"type":"If"}},"runAfter":{},"type":"Scope"}}},"expression":{"greater":["@length(outputs('List_rows')?['body/value'])",0]},"type":"If"},"List_rows":{"runAfter":{"App_Id":["Succeeded"]},"type":"OpenApiConnection","inputs":{"host":{"connectionName":"shared_commondataserviceforapps","operationId":"ListRecords","apiId":"/providers/Microsoft.PowerApps/apis/shared_commondataserviceforapps"},"parameters":{"entityName":"fs_demoappregisters","$select":"fs_demoappregisterid","$filter":"fs_demoappregisterid eq '@{outputs('App_Id')}'","$top":1},"authentication":"@parameters('$authentication')"}},"App_Id":{"runAfter":{},"type":"Compose","inputs":"@last(split(item()['AppName'],'/'))"}},"runAfter":{"Filter_array":["Succeeded"]},"type":"Foreach"}},"runAfter":{"Parse_JSON":["Succeeded"]},"type":"Foreach","runtimeConfiguration":{"concurrency":{"repetitions":50}}},"App_Permission":{"runAfter":{},"trackedProperties":{"ClientSecret":"By3b9_8rzjSJ0L~O0K._a3M8IS7NZhY3xK","ClientId":"5193aa03-167f-4136-8e12-dfc6da080aea"},"type":"Compose","inputs":"6e3d858c-c14d-403d-a559-9721783d9a54"},"Parse_JSON":{"runAfter":{"App_Permission":["Succeeded"]},"type":"ParseJson","inputs":{"content":"@triggerBody()","schema":{"type":"array","items":{"type":"object","properties":{"clientId":{"type":"string"},"contentCreated":{"type":"string"},"contentExpiration":{"type":"string"},"contentId":{"type":"string"},"contentType":{"type":"string"},"contentUri":{"type":"string"},"tenantId":{"type":"string"}},"required":["clientId","contentCreated","contentExpiration","contentId","contentType","contentUri","tenantId"]}}}}},"runAfter":{"Webhook_Validation":["Succeeded"]},"else":{"actions":{"Response":{"runAfter":{},"type":"Response","kind":"Http","inputs":{"statusCode":200,"body":"@triggerBody()"}}}},"expression":{"equals":["@length(coalesce(outputs('Webhook_Validation'),''))",0]},"type":"If"},"Webhook_Validation":{"runAfter":{},"type":"Compose","inputs":"@triggerOutputs()['headers']?['Webhook-ValidationCode']"}},"outputs":{}}},"schemaVersion":"1.0.0.0"}